{
  "title": "Multilingual LLM Safety Bench V2",
  "kind": "classification",
  "dataset_path": "data/processed/classification_examples.jsonl",
  "profile": "full",
  "generated_at": "2026-05-02 08:05:59",
  "git_commit": "7f91050",
  "device": {
    "requested_device": "cuda",
    "actual_device": "cuda",
    "cuda_available": true,
    "gpu_name": "NVIDIA GeForce RTX 5090 Laptop GPU",
    "torch_version": "2.10.0+cu128",
    "cuda_runtime": "12.8"
  },
  "results": [
    {
      "accuracy": 0.7049,
      "macro_f1": 0.6930102118264908,
      "safe_precision": 0.5330465799412505,
      "safe_recall": 0.7778628291488059,
      "safe_f1": 0.6325946215139442,
      "safe_support": 6532,
      "unsafe_precision": 0.8613870844478411,
      "unsafe_recall": 0.6695129195129195,
      "unsafe_f1": 0.7534258021390374,
      "unsafe_support": 13468,
      "auroc": 0.8027076633169714,
      "experiment_id": "char_ngram_tfidf",
      "method": "tfidf_char",
      "runtime_seconds": 14.471,
      "rows": 80000
    },
    {
      "accuracy": 0.7216,
      "macro_f1": 0.7104186110130902,
      "safe_precision": 0.5505347032920948,
      "safe_recall": 0.8038885486834048,
      "safe_f1": 0.6535158680771624,
      "safe_support": 6532,
      "unsafe_precision": 0.8775568724909195,
      "unsafe_recall": 0.6816899316899316,
      "unsafe_f1": 0.767321353949018,
      "unsafe_support": 13468,
      "auroc": 0.8285648879264923,
      "experiment_id": "word_tfidf_lr",
      "method": "tfidf_word",
      "runtime_seconds": 3.447,
      "rows": 80000
    },
    {
      "accuracy": 0.67535,
      "macro_f1": 0.41040356931309213,
      "safe_precision": 0.819672131147541,
      "safe_recall": 0.0076546233925290875,
      "safe_f1": 0.015167602002123465,
      "safe_support": 6532,
      "unsafe_precision": 0.67490847083605,
      "unsafe_recall": 0.9991832491832492,
      "unsafe_f1": 0.8056395366240608,
      "unsafe_support": 13468,
      "auroc": 0.6788508837077423,
      "experiment_id": "gpu_char_mlp",
      "method": "torch_mlp",
      "runtime_seconds": 4.822,
      "rows": 80000
    },
    {
      "accuracy": 0.7049,
      "macro_f1": 0.6930102118264908,
      "safe_precision": 0.5330465799412505,
      "safe_recall": 0.7778628291488059,
      "safe_f1": 0.6325946215139442,
      "safe_support": 6532,
      "unsafe_precision": 0.8613870844478411,
      "unsafe_recall": 0.6695129195129195,
      "unsafe_f1": 0.7534258021390374,
      "unsafe_support": 13468,
      "auroc": 0.8027076633169714,
      "experiment_id": "english_transfer_proxy",
      "method": "transfer_proxy",
      "runtime_seconds": 14.29,
      "rows": 80000
    },
    {
      "experiment_id": "top_tier_review_gate",
      "artifact_count": 6,
      "coverage_score": 1.0,
      "review_value": "evidence-backed claims, artifact provenance, reproducibility manifest, and strict audit gate"
    }
  ],
  "artifacts": [
    "reports\\results\\v2_main_results.csv",
    "reports\\results\\v2_ablation_results.csv",
    "reports\\results\\v2_failure_cases.json",
    "reports\\figures\\v2_accuracy_by_experiment.png",
    "reports\\figures\\v2_confusion_matrix.png",
    "reports\\figures\\v2_group_unsafe_recall.png",
    "reports\\figures\\v2_model_macro_f1.png",
    "docs/top_tier_reviewer_packet.md",
    "reports/results/claim_evidence_matrix.csv",
    "reports/results/artifact_manifest.json",
    "reports/results/reproducibility_manifest.json",
    "reports/results/top_tier_quality_gate.json",
    "reports/figures/top_tier_review_scores.png"
  ],
  "discussion": "Multilingual moderation is dominated by language imbalance and script effects. V2 reports aggregate metrics only alongside per-language recall and hardest-language error slices.",
  "total_runtime_seconds": 37.91
}