epoch,loss
1,0.7180725932121277
2,0.7063041925430298
3,0.6945605278015137
4,0.6816385984420776
5,0.6679543256759644
6,0.654116690158844
