accuracy,auroc,experiment_id,macro_f1,method,rows,runtime_seconds,safe_f1,safe_precision,safe_recall,safe_support,unsafe_f1,unsafe_precision,unsafe_recall,unsafe_support
0.7049,0.8027076633169714,char_ngram_tfidf,0.6930102118264908,tfidf_char,80000,14.471,0.6325946215139442,0.5330465799412505,0.7778628291488059,6532,0.7534258021390374,0.8613870844478411,0.6695129195129195,13468
0.7216,0.8285648879264923,word_tfidf_lr,0.7104186110130902,tfidf_word,80000,3.447,0.6535158680771624,0.5505347032920948,0.8038885486834048,6532,0.767321353949018,0.8775568724909195,0.6816899316899316,13468
0.67535,0.6788508837077423,gpu_char_mlp,0.41040356931309213,torch_mlp,80000,4.822,0.015167602002123465,0.819672131147541,0.0076546233925290875,6532,0.8056395366240608,0.67490847083605,0.9991832491832492,13468
